,tweets,likes,time,retweets
0,"RT @d4hio: RT @moringaschool: #datascience
We can all agree that we are past the age of single-discipline focus in a field and having Data…",0,2021-06-03 14:19:51,1
1,"RT @moringaschool: #datascience
We can all agree that we are past the age of single-discipline focus in a field and having Data science presents opportunities for collaboration of various disciplines be it in finance, health, banking, environment or tech. 

[A THREAD]",0,2021-06-03 14:19:45,1
2,"Position yourself for the future of work and Upskill through our flexible Data Science part-time course. Enroll today for the June 14th class: https://t.co/VtMtNSR2XQ 

#datascience #python #machinelearning #rprogramming #data",0,2021-06-03 11:17:54,0
3,"#DataScience 

Check out this blog that outlines the role of Data science in the environmental sector: https://t.co/TeGicqNaTQ",0,2021-06-03 11:17:53,0
4,"#datascience
We can all agree that we are past the age of single-discipline focus in a field and having Data science presents opportunities for collaboration of various disciplines be it in finance, health, banking, environment or tech. 

[A THREAD]",7,2021-06-03 11:17:52,3
5,"Get to understand the life of a data scientist. The guys behind all these business driven algorithms. @Upwork @CKirubi @moringaschool @analyticbridge
@BIG_DATA_News #datascience https://t.co/NFrpvggwYR",1,2021-06-01 10:47:28,0
6,"In the near future knowing how to code will be as necessary as knowing how to write is today. Yes, regardless of the field or career your students decide for their future.
@moringaschool  #DataScience #coding #BootCamp2 https://t.co/GTNrI8TAy2",2,2021-05-30 22:51:07,0
7,"RT @yahal_otieno: @moringaschool 
#DataScience https://t.co/QkMTxzQAin",0,2021-05-30 22:47:08,1
8,"@moringaschool 
#DataScience https://t.co/QkMTxzQAin",0,2021-05-30 22:42:23,1
9,"RT @moringaschool: You asked and we heard you!

Moringa School will be launching a 33 week Data Science part-time course in June!

Classes…",0,2021-05-28 08:50:52,21
10,RT @moringaschool: You can now learn while you still focus on your 8 -5! Acquire these in-demand skills and much more with our 33- week Dat…,0,2021-05-28 06:03:57,21
11,RT @moringaschool: You can now learn while you still focus on your 8 -5! Acquire these in-demand skills and much more with our 33- week Dat…,0,2021-05-28 06:03:37,21
12,RT @moringaschool: You can now learn while you still focus on your 8 -5! Acquire these in-demand skills and much more with our 33- week Dat…,0,2021-05-27 23:16:35,21
13,RT @moringaschool: You can now learn while you still focus on your 8 -5! Acquire these in-demand skills and much more with our 33- week Dat…,0,2021-05-27 23:15:04,21
14,RT @moringaschool: You can now learn while you still focus on your 8 -5! Acquire these in-demand skills and much more with our 33- week Dat…,0,2021-05-27 22:22:04,21
15,RT @moringaschool: You can now learn while you still focus on your 8 -5! Acquire these in-demand skills and much more with our 33- week Dat…,0,2021-05-27 22:21:59,21
16,RT @moringaschool: You can now learn while you still focus on your 8 -5! Acquire these in-demand skills and much more with our 33- week Dat…,0,2021-05-27 17:00:02,21
17,RT @moringaschool: You can now learn while you still focus on your 8 -5! Acquire these in-demand skills and much more with our 33- week Dat…,0,2021-05-27 16:58:19,21
18,RT @moringaschool: You can now learn while you still focus on your 8 -5! Acquire these in-demand skills and much more with our 33- week Dat…,0,2021-05-27 16:57:05,21
19,RT @moringaschool: You can now learn while you still focus on your 8 -5! Acquire these in-demand skills and much more with our 33- week Dat…,0,2021-05-27 16:56:51,21
20,RT @moringaschool: You can now learn while you still focus on your 8 -5! Acquire these in-demand skills and much more with our 33- week Dat…,0,2021-05-27 16:56:46,21
21,RT @moringaschool: You can now learn while you still focus on your 8 -5! Acquire these in-demand skills and much more with our 33- week Dat…,0,2021-05-27 16:26:03,21
22,RT @moringaschool: You can now learn while you still focus on your 8 -5! Acquire these in-demand skills and much more with our 33- week Dat…,0,2021-05-27 16:25:24,21
23,RT @moringaschool: You can now learn while you still focus on your 8 -5! Acquire these in-demand skills and much more with our 33- week Dat…,0,2021-05-27 14:58:59,21
24,RT @moringaschool: You can now learn while you still focus on your 8 -5! Acquire these in-demand skills and much more with our 33- week Dat…,0,2021-05-27 14:42:59,21
25,RT @moringaschool: You can now learn while you still focus on your 8 -5! Acquire these in-demand skills and much more with our 33- week Dat…,0,2021-05-27 14:40:45,21
26,RT @moringaschool: You can now learn while you still focus on your 8 -5! Acquire these in-demand skills and much more with our 33- week Dat…,0,2021-05-27 12:28:20,21
27,RT @moringaschool: You can now learn while you still focus on your 8 -5! Acquire these in-demand skills and much more with our 33- week Dat…,0,2021-05-27 12:28:14,21
28,RT @moringaschool: You can now learn while you still focus on your 8 -5! Acquire these in-demand skills and much more with our 33- week Dat…,0,2021-05-27 12:14:41,21
29,RT @moringaschool: You can now learn while you still focus on your 8 -5! Acquire these in-demand skills and much more with our 33- week Dat…,0,2021-05-27 12:13:53,21
30,"You can now learn while you still focus on your 8 -5! Acquire these in-demand skills and much more with our 33- week Data science part time course. 

Hurry &amp; enroll for the June 14th intake. Click https://t.co/Id6v2FJJwa to apply.

#datascience #machinelearning #python #rstats https://t.co/X8IApRVkVj",16,2021-05-27 12:13:02,21
