,tweets,likes,time,retweets
0,"RT @d4hio: RT @moringaschool: #datascience
We can all agree that we are past the age of single-discipline focus in a field and having Data…",0,2021-06-03 14:19:51,1
1,"RT @moringaschool: #datascience
We can all agree that we are past the age of single-discipline focus in a field and having Data science presents opportunities for collaboration of various disciplines be it in finance, health, banking, environment or tech. 

[A THREAD]",0,2021-06-03 14:19:45,1
2,"RT @moringaschool: What is that one thing/project/app you have always wanted to try? Take it from Jeff Bezos and give it your best shot.

H…",0,2021-06-03 12:54:12,2
3,@KachieIbejih @TechMadi @lux_academy @codextrafrica @iotnetworkhub @DSC_UoN @DseaUon @254androiddevs @andela_alc @wayne_gakuo @GDG_Nairobi @osca_nairobi @moringaschool Aaah😂,1,2021-06-03 12:23:11,0
4,RT @audreypcheng: So crazy that today marks 7 years exactly since Frank and I incorporated @moringaschool. I couldn’t have imagined all tha…,0,2021-06-03 12:22:15,16
5,"Position yourself for the future of work and Upskill through our flexible Data Science part-time course. Enroll today for the June 14th class: https://t.co/VtMtNSR2XQ 

#datascience #python #machinelearning #rprogramming #data",0,2021-06-03 11:17:54,0
6,"#DataScience 

Check out this blog that outlines the role of Data science in the environmental sector: https://t.co/TeGicqNaTQ",0,2021-06-03 11:17:53,0
7,"#datascience
We can all agree that we are past the age of single-discipline focus in a field and having Data science presents opportunities for collaboration of various disciplines be it in finance, health, banking, environment or tech. 

[A THREAD]",7,2021-06-03 11:17:52,3
8,@TabithaKavyu @TechMadi @lux_academy @codextrafrica @iotnetworkhub @DSC_UoN @DseaUon @254androiddevs @andela_alc @wayne_gakuo @GDG_Nairobi @osca_nairobi @moringaschool Boss!! 🙌🏽🙌🏽🙌🏽,1,2021-06-03 08:59:08,0
9,"@TechMadi @lux_academy @codextrafrica @iotnetworkhub @DSC_UoN @DseaUon @254androiddevs @andela_alc @wayne_gakuo @GDG_Nairobi @osca_nairobi
@DSC_UoN @moringaschool CA

........................

I belong to all😂😂",3,2021-06-03 08:26:03,0
10,"RT @moringaschool: Wishing you all a Happy Madaraka day!

#moringaschool https://t.co/toZIn7D8Pw",0,2021-06-01 17:32:57,3
11,"Get to understand the life of a data scientist. The guys behind all these business driven algorithms. @Upwork @CKirubi @moringaschool @analyticbridge
@BIG_DATA_News #datascience https://t.co/NFrpvggwYR",1,2021-06-01 10:47:28,0
12,"RT @moringaschool: Wishing you all a Happy Madaraka day!

#moringaschool https://t.co/toZIn7D8Pw",0,2021-06-01 08:33:27,3
13,"RT @moringaschool: Wishing you all a Happy Madaraka day!

#moringaschool https://t.co/toZIn7D8Pw",0,2021-06-01 07:51:02,3
14,"Wishing you all a Happy Madaraka day!

#moringaschool https://t.co/toZIn7D8Pw",11,2021-06-01 07:28:14,3
15,@ShankiAustine Got enrolled @moringaschool,0,2021-06-01 05:59:10,0
16,"Our founders got it right when they wrote in the Declaration of Independence that our rights come from nature and nature’s God, not from government.
#happymadarakaday
#MadarakaInKisumu 
#MadarakaDay 
#moringaschool. https://t.co/7gBBagy3NS",0,2021-05-31 21:31:12,0
17,"RT @moringaschool: What is that one thing/project/app you have always wanted to try? Take it from Jeff Bezos and give it your best shot.

H…",0,2021-05-31 21:16:29,2
18,"RT @DSC_UoN: .@Monicoyugi  shall tackling 
1.Adaptability
2.Teamwork 
3.Leadership 
 See you all  at 4:30pm 
DM for the link
.@moringaschoo…",0,2021-05-31 17:32:17,9
19,"RT @DSC_UoN: .@Monicoyugi  shall tackling 
1.Adaptability
2.Teamwork 
3.Leadership 
 See you all  at 4:30pm 
DM for the link
.@moringaschoo…",0,2021-05-31 17:32:01,9
20,"RT @DSC_UoN: .@Monicoyugi  shall tackling 
1.Adaptability
2.Teamwork 
3.Leadership 
 See you all  at 4:30pm 
DM for the link
.@moringaschoo…",0,2021-05-31 17:31:56,9
21,"RT @DSC_UoN: .@Monicoyugi  shall tackling 
1.Adaptability
2.Teamwork 
3.Leadership 
 See you all  at 4:30pm 
DM for the link
.@moringaschoo…",0,2021-05-31 17:31:56,9
22,@DSC_UoN @Monicoyugi @moringaschool @NjokiCynthia_ @MmustDsc Fb,0,2021-05-31 17:31:52,0
23,"RT @DSC_UoN: .@Monicoyugi  shall tackling 
1.Adaptability
2.Teamwork 
3.Leadership 
 See you all  at 4:30pm 
DM for the link
.@moringaschoo…",0,2021-05-31 17:31:28,9
24,"RT @DSC_UoN: .@Monicoyugi  shall tackling 
1.Adaptability
2.Teamwork 
3.Leadership 
 See you all  at 4:30pm 
DM for the link
.@moringaschoo…",0,2021-05-31 13:17:30,9
25,"RT @DSC_UoN: .@Monicoyugi  shall tackling 
1.Adaptability
2.Teamwork 
3.Leadership 
 See you all  at 4:30pm 
DM for the link
.@moringaschoo…",0,2021-05-31 13:00:20,9
26,"RT @DSC_UoN: .@Monicoyugi  shall tackling 
1.Adaptability
2.Teamwork 
3.Leadership 
 See you all  at 4:30pm 
DM for the link
.@moringaschoo…",0,2021-05-31 12:58:57,9
27,".@Monicoyugi  shall tackling 
1.Adaptability
2.Teamwork 
3.Leadership 
 See you all  at 4:30pm 
DM for the link
.@moringaschool  .@NjokiCynthia_   .@MmustDsc 
#WomenWhoCode #100DaysOfCode #IoT https://t.co/LMk88TfVfW",9,2021-05-31 12:58:15,9
28,"RT @DSC_UoN: 7s of Software Development  final day led by @Sheina_techie  and @Monicoyugi  
Join the table today @4:30pm 

.@iotnetworkhub…",0,2021-05-31 12:46:46,11
29,"RT @DSC_UoN: 7s of Software Development  final day led by @Sheina_techie  and @Monicoyugi  
Join the table today @4:30pm 

.@iotnetworkhub…",0,2021-05-31 12:45:34,11
30,"RT @DSC_UoN: 7s of Software Development  final day led by @Sheina_techie  and @Monicoyugi  
Join the table today @4:30pm 

.@iotnetworkhub…",0,2021-05-31 12:45:19,11
31,"RT @DSC_UoN: 7s of Software Development  final day led by @Sheina_techie  and @Monicoyugi  
Join the table today @4:30pm 

.@iotnetworkhub…",0,2021-05-31 12:45:13,11
32,"RT @DSC_UoN: 7s of Software Development  final day led by @Sheina_techie  and @Monicoyugi  
Join the table today @4:30pm 

.@iotnetworkhub…",0,2021-05-31 12:40:32,11
33,"RT @DSC_UoN: 7s of Software Development  final day led by @Sheina_techie  and @Monicoyugi  
Join the table today @4:30pm 

.@iotnetworkhub…",0,2021-05-31 12:40:32,11
34,"RT @DSC_UoN: 7s of Software Development  final day led by @Sheina_techie  and @Monicoyugi  
Join the table today @4:30pm 

.@iotnetworkhub…",0,2021-05-31 12:40:28,11
35,"RT @DSC_UoN: 7s of Software Development  final day led by @Sheina_techie  and @Monicoyugi  
Join the table today @4:30pm 

.@iotnetworkhub…",0,2021-05-31 12:40:23,11
36,"RT @DSC_UoN: 7s of Software Development  final day led by @Sheina_techie  and @Monicoyugi  
Join the table today @4:30pm 

.@iotnetworkhub…",0,2021-05-31 12:40:13,11
37,"7s of Software Development  final day led by @Sheina_techie  and @Monicoyugi  
Join the table today @4:30pm 

.@iotnetworkhub .@shehacks_ke .@moringaschool 
#WomenWhoCode #IoT #100DaysOfCode https://t.co/Eop9M7DiKd",7,2021-05-31 12:40:07,11
38,"What is that one thing/project/app you have always wanted to try? Take it from Jeff Bezos and give it your best shot.

Happy Monday &amp; great week ahead!

#mondaymotivation #moringaschool https://t.co/UueerocuDd",7,2021-05-31 09:34:36,2
39,"In the near future knowing how to code will be as necessary as knowing how to write is today. Yes, regardless of the field or career your students decide for their future.
@moringaschool  #DataScience #coding #BootCamp2 https://t.co/GTNrI8TAy2",2,2021-05-30 22:51:07,0
40,"RT @yahal_otieno: @moringaschool 
#DataScience https://t.co/QkMTxzQAin",0,2021-05-30 22:47:08,1
41,"@moringaschool 
#DataScience https://t.co/QkMTxzQAin",0,2021-05-30 22:42:23,1
42,"RT @DataScience_Ea: Do you want to enroll for a Data Science or Machine learning career accelerator program in Africa. 

Tomorrow 3:00 PM E…",0,2021-05-29 19:05:32,11
43,RT @audreypcheng: So crazy that today marks 7 years exactly since Frank and I incorporated @moringaschool. I couldn’t have imagined all tha…,0,2021-05-28 20:43:54,16
44,"RT @DataScience_Ea: Do you want to enroll for a Data Science or Machine learning career accelerator program in Africa. 

Tomorrow 3:00 PM E…",0,2021-05-28 20:23:07,11
45,"RT @DataScience_Ea: Do you want to enroll for a Data Science or Machine learning career accelerator program in Africa. 

Tomorrow 3:00 PM E…",0,2021-05-28 16:55:45,11
46,"RT @DataScience_Ea: Do you want to enroll for a Data Science or Machine learning career accelerator program in Africa. 

Tomorrow 3:00 PM E…",0,2021-05-28 13:03:34,11
47,"RT @DataScience_Ea: Do you want to enroll for a Data Science or Machine learning career accelerator program in Africa. 

Tomorrow 3:00 PM E…",0,2021-05-28 12:59:28,11
48,"RT @DataScience_Ea: Do you want to enroll for a Data Science or Machine learning career accelerator program in Africa. 

Tomorrow 3:00 PM E…",0,2021-05-28 11:47:07,11
49,"RT @DataScience_Ea: Do you want to enroll for a Data Science or Machine learning career accelerator program in Africa. 

Tomorrow 3:00 PM E…",0,2021-05-28 11:29:11,11
50,"RT @DataScience_Ea: Do you want to enroll for a Data Science or Machine learning career accelerator program in Africa. 

Tomorrow 3:00 PM E…",0,2021-05-28 11:25:22,11
51,RT @audreypcheng: So crazy that today marks 7 years exactly since Frank and I incorporated @moringaschool. I couldn’t have imagined all tha…,0,2021-05-28 10:30:24,16
52,"RT @DataScience_Ea: Do you want to enroll for a Data Science or Machine learning career accelerator program in Africa. 

Tomorrow 3:00 PM E…",0,2021-05-28 10:19:10,11
53,"Do you want to enroll for a Data Science or Machine learning career accelerator program in Africa. 

Tomorrow 3:00 PM EAT, @moringaschool @JENGASchool  and @ubunifucollege  will be sharing about the courses that they offer and other opportunities including scholarships. https://t.co/KBP18M7QBo",14,2021-05-28 10:17:43,11
54,"RT @moringaschool: You asked and we heard you!

Moringa School will be launching a 33 week Data Science part-time course in June!

Classes…",0,2021-05-28 08:50:52,21
55,RT @audreypcheng: So crazy that today marks 7 years exactly since Frank and I incorporated @moringaschool. I couldn’t have imagined all tha…,0,2021-05-28 07:42:03,16
56,RT @audreypcheng: So crazy that today marks 7 years exactly since Frank and I incorporated @moringaschool. I couldn’t have imagined all tha…,0,2021-05-28 07:33:54,16
57,RT @audreypcheng: So crazy that today marks 7 years exactly since Frank and I incorporated @moringaschool. I couldn’t have imagined all tha…,0,2021-05-28 07:27:38,16
58,RT @audreypcheng: So crazy that today marks 7 years exactly since Frank and I incorporated @moringaschool. I couldn’t have imagined all tha…,0,2021-05-28 07:22:33,16
59,Looking forward to the #DatafestAfrica virtual event! https://t.co/V7Ap42LUHG,14,2021-05-28 07:18:35,12
60,RT @audreypcheng: So crazy that today marks 7 years exactly since Frank and I incorporated @moringaschool. I couldn’t have imagined all tha…,0,2021-05-28 07:16:35,16
61,RT @moringaschool: You can now learn while you still focus on your 8 -5! Acquire these in-demand skills and much more with our 33- week Dat…,0,2021-05-28 06:03:57,21
62,RT @moringaschool: You can now learn while you still focus on your 8 -5! Acquire these in-demand skills and much more with our 33- week Dat…,0,2021-05-28 06:03:37,21
63,RT @audreypcheng: So crazy that today marks 7 years exactly since Frank and I incorporated @moringaschool. I couldn’t have imagined all tha…,0,2021-05-28 04:31:06,16
64,RT @audreypcheng: So crazy that today marks 7 years exactly since Frank and I incorporated @moringaschool. I couldn’t have imagined all tha…,0,2021-05-28 04:08:49,16
65,RT @moringaschool: You can now learn while you still focus on your 8 -5! Acquire these in-demand skills and much more with our 33- week Dat…,0,2021-05-27 23:16:35,21
66,RT @moringaschool: You can now learn while you still focus on your 8 -5! Acquire these in-demand skills and much more with our 33- week Dat…,0,2021-05-27 23:15:04,21
67,RT @moringaschool: You can now learn while you still focus on your 8 -5! Acquire these in-demand skills and much more with our 33- week Dat…,0,2021-05-27 22:22:04,21
68,RT @moringaschool: You can now learn while you still focus on your 8 -5! Acquire these in-demand skills and much more with our 33- week Dat…,0,2021-05-27 22:21:59,21
69,RT @audreypcheng: So crazy that today marks 7 years exactly since Frank and I incorporated @moringaschool. I couldn’t have imagined all tha…,0,2021-05-27 19:58:46,16
70,"@audreypcheng @moringaschool Congratulations, #impact!! Honored to witness and be part of your journey, visionaries in every sense. Keep growing. #Digital #Jobs #Youthemployment @youngafricawks",3,2021-05-27 19:23:50,0
71,RT @audreypcheng: So crazy that today marks 7 years exactly since Frank and I incorporated @moringaschool. I couldn’t have imagined all tha…,0,2021-05-27 18:05:26,16
72,RT @moringaschool: You can now learn while you still focus on your 8 -5! Acquire these in-demand skills and much more with our 33- week Dat…,0,2021-05-27 17:00:02,21
73,RT @moringaschool: You can now learn while you still focus on your 8 -5! Acquire these in-demand skills and much more with our 33- week Dat…,0,2021-05-27 16:58:19,21
74,RT @moringaschool: You can now learn while you still focus on your 8 -5! Acquire these in-demand skills and much more with our 33- week Dat…,0,2021-05-27 16:57:05,21
75,RT @moringaschool: You can now learn while you still focus on your 8 -5! Acquire these in-demand skills and much more with our 33- week Dat…,0,2021-05-27 16:56:51,21
76,RT @moringaschool: You can now learn while you still focus on your 8 -5! Acquire these in-demand skills and much more with our 33- week Dat…,0,2021-05-27 16:56:46,21
77,RT @moringaschool: You can now learn while you still focus on your 8 -5! Acquire these in-demand skills and much more with our 33- week Dat…,0,2021-05-27 16:26:03,21
78,RT @moringaschool: You can now learn while you still focus on your 8 -5! Acquire these in-demand skills and much more with our 33- week Dat…,0,2021-05-27 16:25:24,21
79,RT @moringaschool: You can now learn while you still focus on your 8 -5! Acquire these in-demand skills and much more with our 33- week Dat…,0,2021-05-27 14:58:59,21
80,RT @moringaschool: You can now learn while you still focus on your 8 -5! Acquire these in-demand skills and much more with our 33- week Dat…,0,2021-05-27 14:42:59,21
81,RT @moringaschool: You can now learn while you still focus on your 8 -5! Acquire these in-demand skills and much more with our 33- week Dat…,0,2021-05-27 14:40:45,21
82,RT @moringaschool: You can now learn while you still focus on your 8 -5! Acquire these in-demand skills and much more with our 33- week Dat…,0,2021-05-27 12:28:20,21
83,RT @moringaschool: You can now learn while you still focus on your 8 -5! Acquire these in-demand skills and much more with our 33- week Dat…,0,2021-05-27 12:28:14,21
84,RT @moringaschool: You can now learn while you still focus on your 8 -5! Acquire these in-demand skills and much more with our 33- week Dat…,0,2021-05-27 12:14:41,21
85,RT @moringaschool: You can now learn while you still focus on your 8 -5! Acquire these in-demand skills and much more with our 33- week Dat…,0,2021-05-27 12:13:53,21
86,"You can now learn while you still focus on your 8 -5! Acquire these in-demand skills and much more with our 33- week Data science part time course. 

Hurry &amp; enroll for the June 14th intake. Click https://t.co/Id6v2FJJwa to apply.

#datascience #machinelearning #python #rstats https://t.co/X8IApRVkVj",16,2021-05-27 12:13:02,21
87,RT @audreypcheng: So crazy that today marks 7 years exactly since Frank and I incorporated @moringaschool. I couldn’t have imagined all tha…,0,2021-05-27 10:46:42,16
88,RT @audreypcheng: So crazy that today marks 7 years exactly since Frank and I incorporated @moringaschool. I couldn’t have imagined all tha…,0,2021-05-27 10:30:30,16
89,RT @audreypcheng: So crazy that today marks 7 years exactly since Frank and I incorporated @moringaschool. I couldn’t have imagined all tha…,0,2021-05-27 10:00:13,16
90,RT @audreypcheng: So crazy that today marks 7 years exactly since Frank and I incorporated @moringaschool. I couldn’t have imagined all tha…,0,2021-05-27 07:57:23,16
91,So crazy that today marks 7 years exactly since Frank and I incorporated @moringaschool. I couldn’t have imagined all that Moringa would become (and the impact we would have) and what I would learn along the way. So much reflection and gratitude today. https://t.co/7uqwyPD2GX,109,2021-05-27 07:37:07,16
