,tweets,likes,retweets,date,time_Period,type,content theme
0, Thank you for being such an awesome team player and Technical mentor Kelvin! All the best in your next step. 👏👏👏👏👏,3,0,2021-05-13,Late-Morning,Reply,Brand Awareness
1," Hi Elvis, we are currently offering partial scholarships on a need basis to interested applicants. Call our team on 0712293878/0741493565 for assistance.",0,0,2021-05-06,Mid-Morning,Reply,Lead Generation
2," Hi, DM us for Financial Aid details.",0,0,2021-05-04,Mid-Afternoon,Reply,Lead Generation
3, Please email your inquiry to admissions.access.com for more information,0,0,2021-05-03,Mid-Morning,Reply,Lead Generation
4,"Happy new month!Invest in an industry specific curriculum , that blends practical technical education with professional development . trains you to be an all rounded tech talent with the ability to solve problems.https//t.co/w55GPQZ3uv mondaymotivation https//t.co/xxHFBiEks6",14,7,2021-05-03,Early-Morning,Reply,Lead Generation
5,  Good job Allan!,1,0,2021-04-26,Early-Morning,Reply,Engagement
6, Happy to have you back &amp; speak to the students!,1,0,2021-04-22,Mid-Morning,Reply,Engagement
7,"""My journey has not been easy.. I did my KCSE in 2019 and got C+, In June 2020, I joined  through a scholarship program &amp; I currently work as a web developer at Africa's pocket..""Read about Lennox Omondi's journey here https//t.co/vp3Zh9WgmCalumni https//t.co/X3QiRlCsEa",26,5,2021-04-21,Mid-Morning,Reply,Brand Awareness
8, Yes you can apply to join. Visit our website to apply for the upcoming intakes.,1,0,2021-04-19,Towards-Morning,Reply,Lead Generation
9,Super excited about this feature &amp; recognition! Thank you _ https//t.co/5FfmZyi1o4,10,6,2021-04-15,Mid-Morning,Reply,Engagement
10, We are so happy to hear the great progress you are making. Keep shining!,1,0,2021-04-09,Mid-Morning,Reply,Engagement
11, Our online classes are still very interactive and you will get to learn alongside your peers with the support of our technical mentors.,1,1,2021-04-09,Mid-Morning,Reply,Brand Awareness
12,_036 For all job openings check out our careers page https//t.co/5TUstp0PX7 and apply.,0,0,2021-03-29,Early-Afternoon,Reply,Brand Awareness
13,We love the feedback! And we shall be following your journey  https//t.co/Vsv6yt2mC1,5,0,2021-03-25,Early-Morning,Reply,Brand Awareness
14,"_mishe Hi, no we do not offer CISCO certification courses",0,0,2021-03-19,Early-Afternoon,Reply,Brand Awareness
15,    Thanks!,0,0,2021-03-18,Early-Morning,Reply,Engagement
16, refresh the page and register for another ticket.,0,0,2021-03-16,Towards-Morning,Reply,Engagement
17, 🤣,0,0,2021-03-09,Mid-Morning,Reply,Engagement
18, couldn't agree more,1,0,2021-03-09,Early-Morning,Reply,Engagement
19,_KNgaji Wow this is a whole toolkit! 👏🏾,0,0,2021-03-02,Evening,Reply,Engagement
20,@_MrOdongo 💯,0,0,2021-03-02,Mid-Afternoon,Reply,Engagement
21, Nice.... Now we know! Thanks ,0,0,2021-03-02,Mid-Afternoon,Reply,Engagement
22, Monday to Friday 8.30 am - 6.00 pm,0,0,2021-02-25,Mid-Morning,Reply,Brand Awareness
23,Sanlam Investments East Africa Ltd engaged a team of graduates from Moringa School on an internal tech project over the course of 2020.Thank you for offering opportunities to our graduates!  partnerships graduatesupport moringaschool industrypartnerships https//t.co/IZBvyN5Lef,7,3,2021-02-17,Mid-Morning,Reply,Lead Generation
24,_cetric  🤣🤣🤣,0,0,2021-02-16,Late-Morning,Reply,Brand Awareness
25, _    Well noted! Please DM,0,0,2021-02-16,Early-Morning,Reply,Lead Generation
26, - Moringa School CEO &amp; Founder will be speaking at the 22CTodaySummit powered by  alongside  amazing female leaders in Tech on 25th Feb 2021.The full agenda for 22CTodaySummit is out! Get your tickets here https//t.co/Numzmxfnwd 22CGameChangers https//t.co/RVblgnJzl8,4,2,2021-02-13,Early-Morning,Reply,Brand Awareness
27,  Congratulations,2,0,2021-02-11,Mid-Afternoon,Reply,Brand Awareness
28, 😂 True,0,0,2021-02-11,Mid-Afternoon,Reply,Engagement
29,Excited to have  speak to our students today during our Thursday speaker sessions! These talks really help our students design their career paths! A big thank you   You can also reach out to us if you would like to mentor or speak at one of the sessions https//t.co/Dg0X0RmeSk,17,4,2021-02-11,Mid-Afternoon,Reply,Brand Awareness
30, celebrates all WomenInScience today! Keep being bold and pursuing opportunities in STEM &amp; STEMeducation Happy WomenInScienceDay https//t.co/vTfiUtVb1M,6,2,2021-02-11,Mid-Morning,Reply,Engagement
31, partnered with Moringa School for their Internship program in 2020.The first cohort joined in November.Thank you for working with us | offering opportunities to our graduates.https//t.co/T3TQ4qRbRqgraduatesupport moringaschool industrypartnerships https//t.co/uTlo5CHAOn,1,1,2021-02-10,Early-Afternoon,Reply,Engagement
32," This is great! You can check out roles that require people skills e.g Developer relations, Customer Management Automation, Project Management etc check out this blog for more https//t.co/9aMK38kw4L",2,1,2021-02-10,Late-Morning,Reply,Engagement
33, yes it is!!!,1,0,2021-02-08,Early-Morning,Reply,Engagement
34, Awesome!!! We look forward to having you join us,0,0,2021-02-08,Early-Morning,Reply,Lead Generation
35," Hello, apply for the course first and you will receive information on the next steps.",1,0,2021-02-03,Early-Morning,Reply,Lead Generation
36,_roney Apply for the course first and you will receive information on the financial aid steps.,1,0,2021-02-03,Early-Morning,Reply,Lead Generation
37,  _Care Thank you for choosing Moringa School. Visit our website for more information on upcoming intakes and available opportunities https//t.co/nlJbjop9t0 moringaschool,0,0,2021-02-01,Early-Morning,Reply,Lead Generation
38,_17 Kindly check DM,0,0,2021-01-27,Early-Afternoon,Reply,Lead Generation
39, _ke      Hello Eunice. Do you have any questions for Moringa School?,0,0,2021-01-26,Late-Morning,Reply,Lead Generation
40,"_ai Hi Gitonga, thank you for your interest in Moringa Sch. The Feb intake will still be online.",0,0,2021-01-26,Late-Morning,Reply,Lead Generation
41,_Muly Moringa School = Practical Learning 100% complement your undergraduate &amp; graduate studies with our tech courses.,0,0,2021-01-26,Late-Morning,Reply,Brand Awareness
42,   _is_Weird Thanks for the question. here is a short answer. https//t.co/b2vUApiUCz,2,1,2021-01-23,Mid-Morning,Reply,Lead Generation
43,Andrew Anampiu Data science Lead  speaking in a Panel discussion Careers for the future. Join live on  myNetworkCareer2021_mangutha  https//t.co/Fd3OPFx5Ka https//t.co/LUJgjC1CL4,14,6,2021-01-22,Late-Morning,Reply,Brand Awareness
44,Passion +GRIT = Success. You can schedule appointments with  learn how to become a talented software engineer or data scientist via the Virtual booth join using this link  https//t.co/YJ5PQvF70opython html css javaprogramming https//t.co/jTsKZ0CiOC,7,4,2021-01-22,Mid-Morning,Reply,Lead Generation
45, Apply to join the next cohort here https//t.co/nlJbjop9t0,0,0,2021-01-22,Early-Morning,Reply,Lead Generation
46, 😂😂😂😂,0,0,2021-01-22,Early-Morning,Reply,Engagement
47,Visit our booth at Sarit Center or join us virtually via this link - https//t.co/YJ5PQvF70o to interact with the Moringa School team and learn more about our programs.All MoH protocols will be observed at Sarit Center.   mynetwork https//t.co/iirkbPW3Aj,5,3,2021-01-22,Early-Morning,Reply,Lead Generation
48,"We are hosting Robert Kagema, Lead Software Engineer , and Sam Ngigi a Data Science technical mentor  for our Open Day focused on discovering your tech career path. Drop any questions you have for them below. moringaschool learnwithmoringa",3,0,2021-01-21,Mid-Morning,Reply,Brand Awareness
49,"Do you know any school, non-profit, educational organization, etc. that works with low-income youth? Partner with moringa school to provide more learning opportunities to the students interested in Tech. Reach us on admissions.access.com https//t.co/4RaOrWnQhh",8,3,2021-01-20,Mid-Morning,Reply,Lead Generation
50, You can do it!,0,0,2021-01-18,Mid-Afternoon,Reply,Engagement
51, All the best in your graduation! We look forward to having you join us.,1,0,2021-01-14,Mid-Morning,Reply,Lead Generation
52,"""As you start out as a developer, try and stand out don't just learn how to code but add other skills &amp; knowledge, non-technical skills are also important"" - James Muriuki, A Moringa Schl Alumni and UX Designer, Sendy moringaschool softwaredevelopment _muriuki https//t.co/W1XmBXu7U8",12,2,2021-01-14,Mid-Morning,Reply,Brand Awareness
53," Hello, our software development course is 20 weeks long. To  see the full details of the learning schedule &amp; curriculum, please visit https//t.co/sLMFm49CHNmoringaschool",0,0,2021-01-12,Late-Morning,Reply,Lead Generation
54,"_roney Hello, at the moment the Financial Aid program is still closed. However, we have a 10% discount offer on our software development prep course.",1,0,2021-01-12,Late-Morning,Reply,Brand Awareness
55," hello, what are your learning goals in 2021?",1,0,2021-01-11,Late-Morning,Reply,Lead Generation
56,Application deadline 1st February 2021.In case of any questions or clarifications drop us an email on admissions.access.com( Share &amp; Retweet this thread widely )   ,5,3,2021-01-06,Early-Morning,Reply,Lead Generation
57,We want to offer opportunities to the youth who cannot afford to enroll in higher learning inst. due to financial &amp; social factors.  The selected applicants from your org. will benefit from a fully sponsored program to study Software Development  ,3,2,2021-01-06,Early-Morning,Reply,Brand Awareness
58, We will be introducing a hybrid model in February for the software development prep class with very limited slots for those who would prefer the in-person learning mode.,1,0,2021-01-05,Early-Morning,Reply,Brand Awareness
59, Hello you need to have a computer with 8GB RAM preferably core i3 or core i5 and above,0,0,2021-01-05,Early-Morning,Reply,Brand Awareness
60, Hi reach out to us on admissions.com,0,0,2020-12-24,Early-Morning,Reply,Lead Generation
61, email us on admissions.com,0,0,2020-12-18,Early-Morning,Reply,Lead Generation
62,  _Karma We love to see it too!!!!👏👏👏,2,0,2020-12-07,Mid-Morning,Reply,Lead Generation
63,So proud of all   students &amp; alumni!!! Good job Felista. Check out all projects _Karma https//t.co/1AqsoN8msX,12,2,2020-12-07,Early-Morning,Reply,Brand Awareness
64, Dreams do come true! Wishing you all the best!,0,0,2020-12-04,Early-Morning,Reply,Brand Awareness
65, Maybe.... 😂😂😂,1,0,2020-12-03,Mid-Morning,Reply,Engagement
66, What is Robai?😀,0,0,2020-12-03,Mid-Morning,Reply,Engagement
67,"  Hi Martha, congratulations to you, and wishing you the best of luck in your next step.",1,0,2020-12-02,Early-Afternoon,Reply,Brand Awareness
68, https//t.co/xXJyRR57Kh,1,0,2020-12-01,Mid-Morning,Reply,Engagement
69,T- x hours to the start of the session with  RSVP here https//t.co/xbHkHZ9z89 to join the webinar today at 3.00pm EAT in collaboration w/  truecallerfordevelopers moringaschool tech developers https//t.co/mhfGlEdNfT,9,4,2020-11-17,Early-Morning,Reply,Engagement
70," yes, we are working with Busara to provide students loan for those that might need it.",1,0,2020-11-11,Late-Morning,Reply,Brand Awareness
71,"Are you an engineer, developer, product manager, or tech evangelist?In partnership w/  once again, we invite you to attend this webinar. To attend RSVP here https//t.co/xbHkHZ9z89moringaschool  techcommunity truecallerfordevelopers https//t.co/rGsvYRGMxZ",7,1,2020-11-10,Mid-Afternoon,Reply,Engagement
72,"For the Devs. who are keen on UX, we hope this session was very insightful and that you will go forth and build seamless mobile applications. Keep it here for updates on upcoming workshops in collaboration w/   moringaschool",1,0,2020-11-05,Early-Afternoon,Reply,Engagement
73,Did you know that you can leverage on the Truecaller platform to build an efficient onboarding flow for your mobile app users?    provide various open-source tools. Try it out.,2,0,2020-11-05,Early-Afternoon,Reply,Engagement
74,"Build an Onboarding &amp; Engagement Funnel- Keep in mind that user onboarding isn't a complete process, developers need to focus on how to ensure its continuous throughout the user journey. ",2,1,2020-11-05,Early-Afternoon,Reply,Engagement
75, on the importance of investing in user onboarding. How do you move your target customer from the trial stage to actual users of your apps?  https//t.co/z0PFZRLr50,2,0,2020-11-05,Early-Afternoon,Reply,Engagement
76, Hi Newton please DM,0,0,2020-11-05,Late-Morning,Reply,Lead Generation
77, learnwithmoringa T- 1 day 💻RSVP here https//t.co/o4RLcAYtNU https//t.co/HgbNigrJPk,0,0,2020-11-04,Towards-Morning,Reply,Engagement
78,👏👏👏👏 _komar https//t.co/7cPSwiOqbh,10,2,2020-11-04,Towards-Morning,Reply,Engagement
79,Don't miss out. RSVP to attend this free workshop by  and   learnwithmoringa,2,0,2020-11-02,Mid-Morning,Reply,Engagement
80, will be facilitating. Join to learn about how important it is to provide a seamless onboarding experience to your app users and go through some basic principles on building a good onboarding experience for your app users.,2,0,2020-11-02,Mid-Morning,Reply,Engagement
81,UPDATE This workshop was postponed to this week due to unavoidable circumstances. You can still RSVP to attend https//t.co/o4RLcAYtNU   https//t.co/tloz5O0Nx9,4,0,2020-11-02,Mid-Morning,Reply,Engagement
82,"Usability is more about people;  how they understand &amp; use your product, not just the tech.In partnership w/   , we invite you to join us for this workshop.Facilitated by   Product Owner, Truecaller.RSVP https//t.co/PgonNiSsoj https//t.co/TAdsIhkhuP",10,7,2020-10-27,Mid-Morning,Reply,Engagement
83,🎉🙌🥳 Keep soaring _mwangi https//t.co/U9EVXyRpq7,2,0,2020-10-26,Early-Morning,Reply,Brand Awareness
84,  We will update you once we have it uploaded.,1,0,2020-10-22,Late-Afternoon,Reply,Lead Generation
85,And its a wrap thank you so much to our facilitators  sharonomwega of ncba and donnanaishorwa of absaGoodnight! https//t.co/dV9C9Zi8Sk,0,1,2020-10-22,Late-Afternoon,Reply,Engagement
86,Good data beats algorithm 👌👌👌  DataScience fintech learnwithmoringa moringaschool,2,1,2020-10-22,Late-Afternoon,Reply,Engagement
87, Hi if you are interested in joining one of our programs kindly apply here https//t.co/Nnz5B3NAhu,0,0,2020-10-22,Mid-Morning,Reply,Lead Generation
88,AmbulanceDatathonKE UberMovement UberDatathonKenya Day 1 in progress... _kenya     https//t.co/hEx0Mgr6OF,11,3,2020-10-17,Late-Morning,Reply,Engagement
89,We are present at the Datathon hosted by  https//t.co/O4aXp7bODP,4,1,2020-10-17,Late-Morning,Reply,Engagement
90,"More power to all tech communities  driving impact, communicating possibilities and making a change in Africa.  https//t.co/qyNdrQ5Olj",14,4,2020-10-16,Mid-Afternoon,Reply,Engagement
91,See all the amazing things our graduates are doing! Placing local talent on the global map! Thank you for featuring Anthony _Karma 🎊🎉 https//t.co/XOTe413XJ6,11,2,2020-10-15,Towards-Morning,Reply,Brand Awareness
92,_  Awesome! To apply visit https//t.co/Nnz5B3NAhu,2,0,2020-10-05,Early-Morning,Reply,Lead Generation
93,  🙌🙌 - we believe in a world where anyone can create their future.,5,4,2020-10-05,Early-Morning,Reply,Engagement
94, 😂 Sharon you need to do better!,1,0,2020-10-02,Mid-Morning,Reply,Engagement
95, 😂😂,1,0,2020-10-02,Mid-Morning,Reply,Engagement
96,We held a Data Science webinar back in April w/  (Technical Mentor &amp; Founder  ) + Valentine Mwangi (Program Lead AfterworkDataScience).Here is a recap of the discussion on how to identify what kind of a learner you are - https//t.co/8dyxtc2xhi https//t.co/9pXXseottu,11,7,2020-10-01,Mid-Morning,Reply,Engagement
97,  Thank you Opiyo,0,0,2020-09-22,Late-Afternoon,Reply,Brand Awareness
98,_ementor  We are happy to have played a role in your journey in tech _ementor. Thank you!,1,0,2020-09-22,Late-Morning,Reply,Brand Awareness
99,  Thank you. Power of community.,0,0,2020-09-22,Mid-Morning,Reply,Engagement
100,"🤩🤩🤩HolonIQ recognizes the most innovative and impactful EdTech teams working in Sub-Saharan Africa. We are honoured to have been featured as 1/9 companies in the category """"Jobs &amp; Upskilling"""".Thank you  https//t.co/1qpcxTaPYW",27,7,2020-09-22,Mid-Morning,Reply,Brand Awareness
101,"_hudyain Hi Ibra, please email us on admissions.com or contact.com so that we can follow up on your application status. Thanks",0,0,2020-09-15,Early-Morning,Reply,Lead Generation
102," Thank you for reaching out. Please note as per our earlier emails, this is an orientation week where the classroom team works on adding you to the various platforms. For today you will not be taking part in any classroom activities but will be getting Course Inv...",0,0,2020-09-14,Mid-Morning,Reply,Lead Generation
103, 👏👏👏 Happy first week of your classes!,0,0,2020-09-14,Early-Morning,Reply,Lead Generation
104,_hudyain Please email us on admissions.com or contact.com so that we can follow up on this.,0,0,2020-09-09,Early-Morning,Reply,Lead Generation
105,_hudyain Hello IbraaPlease submit your application for financial aid here https//t.co/a3RPnfrqHD,0,0,2020-09-08,Mid-Afternoon,Reply,Brand Awareness
106,"_hudyain Hi you will need to first apply to a course program of your choice, once accepted you can proceed to apply for financial aid.",0,0,2020-09-08,Early-Afternoon,Reply,Brand Awareness
107,  Congratulations ,1,0,2020-09-08,Early-Afternoon,Reply,Engagement
108,"_komar That is awesome news! We love your lifelong learner spirit, and we are more than happy to have you be part of our community.... all the best in your journey at ",1,1,2020-09-08,Early-Afternoon,Reply,Engagement
109,_osango Hello Charles. It's from 11 am,0,0,2020-08-22,Early-Morning,Reply,Brand Awareness
110,NOTICE  and Moringa School Announce Her Transition from CEO to Executive Board Director. Read more here https//t.co/0zkIKS771l MoringaSchool DiscoverGrowTransform https//t.co/nmpNvpQNdv,13,8,2020-08-21,Mid-Morning,Reply,Engagement
111,_wayne _ _kilel Hey Wayne. You can catch the live stream on YouTube here https//t.co/F3ynXpbulq. The video will remain on the channel even after we're done.,1,0,2020-08-20,Late-Afternoon,Reply,Engagement
112,Joining us is _kilel and  from _ke. We're looking forward to your participation as we learn from each other! MoringaSchool SheHacks2020,3,1,2020-08-20,Late-Afternoon,Reply,Lead Generation
113,Join Moringa School and the _ke Community this evening in a workshop aimed to equip developers with the necessary tools and steps on Cyber Security Threat Management. Learn more and register here https//t.co/5HqWnv5WM4 MoringaSchool https//t.co/USf78ret2v,15,6,2020-08-20,Mid-Morning,Reply,Lead Generation
114,MentorshipDay is an annual event organized by  where the youth get to learn career skills relevant to them🍃 Join us this Saturday as we discuss youth-centered career topics with advice from various professionals. Register here https//t.co/vA6HlliCkU MoringaSchool https//t.co/bOzl8pBmjN,19,11,2020-08-19,Early-Morning,Reply,Engagement
115,"On Thursday, will collaborate with _ke in facilitating a workshop to equip developers with the necessary tools and steps on Cyber Security Threats Management. Learn more about it and apply here https//t.co/5HqWnv5WM4 MoringaSchool https//t.co/TGMPsVzuOA",6,1,2020-08-17,Late-Morning,Reply,Engagement
116," Hello, currently the classes are running fully online on a full-time basis that is Monday to Friday 9am -5pm",0,0,2020-08-06,Early-Morning,Reply,Lead Generation
117, May it happen for you  in the meantime check out for the Financial Aid program we are offering Apply here https//t.co/kXzcCdsnzQ,1,0,2020-08-06,Early-Morning,Reply,Engagement
118, Thank you George! We are proud to have you as an alumni. https//t.co/ZCCC0U0Vsu,0,0,2020-08-05,Early-Morning,Reply,Brand Awareness
119, Awesome work Jeremiah!!!,1,0,2020-08-04,Late-Morning,Reply,Brand Awareness
120," Hi, In order to apply for the financial aid you must first apply to our Software Development course use this link to apply - https//t.co/kXzcCdsnzQ . Once you receive the acceptance email you can go ahead and fill out this financial aid form  https//t.co/hriMyR6rMO",0,0,2020-08-04,Towards-Morning,Reply,Lead Generation
121," Hey Juma, thanks for the question😄We don't guarantee jobs but we help facilitate the process by taking you through professional development and hosting a career day after the end of your Core program. Our students leave Moringa School as wholesome career ready professionals💪",1,0,2020-07-29,Mid-Morning,Reply,Brand Awareness
122," Thanks for sharing Fredrick. Yes there are many more ways tech, specifically data science can be used in agriculture. We're looking forward to exploring more on this with you and other tech enthusiasts. 😃",0,0,2020-07-29,Mid-Morning,Reply,Engagement
123, Congratulations  please DM us your full name and contact info to receive the airtime ) https//t.co/I5T7Zq9HSv,1,0,2020-07-23,Mid-Morning,Reply,Engagement
124,We partnered with  to create a comprehensive DataScience curriculum with real life data sets. 😎 https//t.co/E79JqGxYDl,10,2,2020-07-21,Late-Morning,Reply,Brand Awareness
125,Congratulations  all the best in your career! 🥳🎓 https//t.co/T3Jdg8Q1aG https//t.co/GvYQfMV6kA,11,2,2020-07-17,Early-Morning,Reply,Engagement
126," Hey Njue! Even with Geospatial Information Science, you can be able to pursue Data Science and excel at it.🏆",0,0,2020-07-17,Early-Morning,Reply,Lead Generation
127, Hey Newtown. Check out this link to apply for our next Data Science coursehttps//t.co/IYw5VOhMN2,0,0,2020-07-17,Towards-Morning,Reply,Lead Generation
128, It is the killer of many dreams😟,0,0,2020-07-14,Early-Afternoon,Reply,Engagement
129, We're rooting for you Richard. You can do it!😃,1,0,2020-07-12,Late-Morning,Reply,Engagement
130, Writing code on paper! Dark days 😆,0,0,2020-07-10,Mid-Morning,Reply,Engagement
131,_Chris Yes Dr. Awesome. Data analysis is part of the study of data science.,0,0,2020-07-02,Late-Morning,Reply,Engagement
132,"At MoringaSchool, professional development is an important part of the https//t.co/S0ylSvIydN, , a software development technical mentor shares the importance of soft skills and how Moringa instills these lessons in all students. Watch here https//t.co/drDA7Z6gky",9,1,2020-07-01,Mid-Morning,Reply,Brand Awareness
133,"And since working from home is our new normal, here's how you can make the most of it- Have a dedicated work space at home.- Dress up! It helps “turn on your mind” for work.- Plan and structure your work day, ideally the day before. MoringaSchool GigEconomy ",0,0,2020-06-30,Mid-Morning,Reply,Engagement
134,"""Freelancing vs Entrepreneurship With freelancing, it's more of a project - a short term engagement which with consistency and active engagement, grows to become entrepreneurship."" _Nduts MoringaSchool",0,0,2020-06-30,Mid-Morning,Reply,Engagement
135,"""Currently, the Kenyan online GigEconomy employs a total of 36,573 gig workers. In the next five years, it is predicted to grow at an annual rate of 33%, with the total size of the gig economy reaching $345 million and employing 93,875 gig workers by 2023."" ",3,0,2020-06-30,Mid-Morning,Reply,Engagement
136,Just started the conversation on ProgressiveWebApps with . Join us using the link provided below🤓 MoringaSchool https//t.co/hoZwvITYeU,10,3,2020-06-25,Mid-Morning,Reply,Engagement
137,A Progressive Web App (PWA) is a web app that uses modern web capabilities to deliver an app-like experience to users. Join  on Thursday as he delivers an insightful workshop on how you can build your first PWA. Register here https//t.co/VrDMmszweu MoringaSchool https//t.co/zJFkw8m0vt,14,3,2020-06-23,Late-Morning,Reply,Engagement
138,"For , a decorated CV and experience in different industries is just the beginning. She’ll be joining our SoftwareDevelopment class on June 29th to expand her coding knowledge and eventually open her own company. Read more here https//t.co/Tf3YxwL9QD MoringaSchool",19,6,2020-06-23,Early-Morning,Reply,Engagement
139,"And on Thursday 25th, we’ll discuss how to build your first progressive web app with  who is the Founder of GDG RiftValley, a Software Developer, PWA expert Global speaker and Tech blogger. https//t.co/CvorHIijRz MoringaSchool https//t.co/GTrIGDkdab",10,4,2020-06-22,Late-Morning,Reply,Engagement
140,Congrats  🥳 please DM us your contact details and we shall send you the 1000 bob airtime. https//t.co/MeElnVtwDP,5,0,2020-06-15,Early-Morning,Reply,Engagement
141, Thanks for reaching out. Which of our two programs would you like to enroll in? Software development or Data science?,0,0,2020-06-15,Early-Morning,Reply,Lead Generation
142,"And finally, Cephas Maundu - the Digital Engineering Tribe Lead at  with years of extensive experience in various IT domains - Strategy, Architecture, Development, Operations and People Management under his belt. MoringaSchool",1,0,2020-06-12,Early-Afternoon,Reply,Engagement
143,"Martin Ndlovu - Skills Program Manager at  who is also the founder of Sky Hub, an innovation space in Zimbabwe and a Demo Africa SWELL Innovation award winner with Saisai, a start-up that was working on liberating the internet in Africa using a mesh network.",0,0,2020-06-12,Early-Afternoon,Reply,Engagement
144,MoringaSchool has been ranked one of the best coding boot camps in the category of student projects by _Karma 🥳🤓 Check out the amazing projects created by our students here https//t.co/9eLI1axzHf https//t.co/4CIi6FsUmQ,34,9,2020-06-12,Mid-Morning,Reply,Brand Awareness
145," Thank you for your inquiry. Moringa School is a TVET recognized institution. After the successful completion of the 5 weeks Prep, you will get your certificate. If you proceed to Core and again successfully complete it you will get your certificate.Regards.Adm...",2,0,2020-06-09,Mid-Afternoon,Reply,Brand Awareness
146, is one of the students who experienced both our in-person and remote learning classes. She graduated in April and shared her experience with us. Congratulations Monica! 🎉🎓 We wish you all the best in your career. MoringaSchool https//t.co/IOghKtG1Ya,6,0,2020-06-09,Late-Morning,Reply,Brand Awareness
147," We partnered with Dalberg Data Insights who are providing the real-world data sets for the DS program. Most of the datasets used within the program are local datasets, that represent the Kenyan/E.African patterns. Kaggle and various other data repositories are also used.",0,0,2020-06-08,Mid-Afternoon,Reply,Brand Awareness
148,"On June 18th, our Business Development team will have a live webinar with  where they will discuss effects of remote work life and ways of keeping teams engaged while they work from home. Register today to learn more!  https//t.co/q7zFUBt94C MoringaSchool https//t.co/zi9Mty9XrQ",8,2,2020-06-08,Late-Morning,Reply,Engagement
149, Good Linus... keep shinning with your passion.,2,0,2020-06-08,Mid-Morning,Reply,Engagement
150,"In partnership with  and Rotary Club Nairobi-Connect, we are excited to invite you to the first Future Skills Expo training sessions tomorrow from 9am, with 3 digital skills trainers. Save the date and join us through the Zoom ID 8409730230. MoringaSchool https//t.co/oAyDfYWgUw",15,5,2020-06-05,Early-Morning,Reply,Engagement
151,"COVID19 has been one of the greatest threats to mankind and it has fundamentally impacted how we live, learn, and work. _mbete shared her thoughts on the role of technology in the midst of the pandemic. Read more here https//t.co/xbnDaP9u2F MoringaSchool",3,0,2020-06-04,Early-Afternoon,Reply,Engagement
152,"In partnership with  we would like to invite you to attend a Live Webinar on Remote Work Life, where we will share strategies around how to keep your teams engaged and productive in a remote work setting. Register here https//t.co/q7zFUBt94C MoringaSchool RemoteWork https//t.co/cwjPIK05fn",13,6,2020-06-04,Mid-Morning,Reply,Engagement
153, Hi Celestino are enquiring about the data sets used in our Data Science program?,1,0,2020-06-03,Early-Morning,Reply,Lead Generation
154,"Thank you all for participating in this game! _trendy, you're our winner for this round! Kindly DM us your contact information and we'll have airtime sent to you chap chap! https//t.co/OehvzQwoHt",2,0,2020-06-02,Mid-Morning,Reply,Engagement
155," Great, keep on a good job.",2,0,2020-05-22,Mid-Morning,Reply,Engagement
156," Hello Egline,Kindly let us know how best we can be of assistance to you.",0,0,2020-05-21,Mid-Morning,Reply,Lead Generation
157, Hello Njoroge.Thank you for reaching out how best can we be of assistance to you?,1,0,2020-05-21,Mid-Morning,Reply,Lead Generation
158," Hello Moose,How may we be of assistance to you?",0,0,2020-05-21,Mid-Morning,Reply,Lead Generation
159, Hello Jeremiah.How may we be of help?,1,0,2020-05-21,Mid-Morning,Reply,Lead Generation
160,Our recent Data Science graduates were also the first to go through both the in-person and remote learning experience with us.  _Macharia shared her experience on the big move to remote learning together with her career goals moving forward. MoringaSchool RemoteLearning https//t.co/LgOei2Zxrs,10,2,2020-05-20,Early-Afternoon,Reply,Brand Awareness
161,"We'll be having , a trainer and board member at MSK, , the founder and CEO of NTM Digital and , the founder of Treplex Data Hub and an adjunct faculty at  MoringaSchool DataScience NextGenTech https//t.co/znUany4gyq",14,5,2020-05-19,Late-Morning,Reply,Engagement
162, Hey Ken!Thanks for playing and congratulations for getting all questions correct! Kindly DM us your phone number to get the airtime 😄,0,0,2020-05-18,Early-Morning,Reply,Engagement
163,_ke 😅,0,0,2020-05-18,Early-Morning,Reply,Engagement
164,"Apart from teaching tech skills, we also consider the invaluable soft skills needed to help you excel in your career. Francoise Unanase, a recent graduate from our Rwanda campus,   shares her experience starting her first job. MoringaSchool https//t.co/EBesmddcXC",11,5,2020-05-14,Late-Morning,Reply,Brand Awareness
165,What does the switch to RemoteLearning mean for the future of education? Join  with _Tweets and other global education experts in a Twitter chat today from 7pm. FutureEd COVID https//t.co/tn9t7NKtnv,11,1,2020-05-14,Early-Morning,Reply,Engagement
166,"Becoming a data scientist is an uphill journey but the view at the end is amazing. We talked with , a Data Science Technical Mentor, AI specialist and founder of Nairobi AI on what it takes to become a Data Scientist. MoringaSchool DataScience https//t.co/cdf0ptvygZ",27,7,2020-05-13,Early-Afternoon,Reply,Brand Awareness
167," Thank you for this, Moringa School is expanding its product and this is also a possibility, once done we will let you and the rest of the audiences know about.Regards.",1,0,2020-05-12,Early-Morning,Reply,Brand Awareness
168," Hey Juma, we're working on expanding our product offering to include AI and ML. Once this is done, we'll be sure to inform you and the rest of our audience 💯",1,1,2020-05-12,Towards-Morning,Reply,Brand Awareness
169," Hello Kanyara,Kindly let us know how best we can be of help.Regards.",1,0,2020-05-11,Early-Afternoon,Reply,Lead Generation
170, Hey there.For now all our classes are between 8am and 5pm. We're however working on part time classes and we'll be sure to let you know when all is set,3,0,2020-05-07,Towards-Morning,Reply,Brand Awareness
171,Data Science isn't just for people in the tech skills. People in marketing or accounting can also pursue Data Science.  MoringaSchool LearningDataScience,5,2,2020-04-30,Mid-Morning,Reply,Engagement
172,"So, Data Science is a field that relates to the use of scientific methods, processes and algorithms to extract knowledge and insights from data. MoringaSchool LearningDataScience ",2,1,2020-04-30,Mid-Morning,Reply,Engagement
173,"Kicking off with our facilitators   - A Data Scientist, Curriculum Engineer and Afterwork data science Lead. A Data Science Technical Mentor, AI specialist and the of Founder   MoringaSchool LearningDataScience",7,2,2020-04-30,Mid-Morning,Reply,Engagement
174,"What a fine day for science! In collaboration with , we'll have our first Data Science talk from 11 am where we'll break down Data Science, the learning journey and comparison with other data fields. See you at 11! MoringaSchool DataScience https//t.co/ZR2D1s8gn8",32,9,2020-04-30,Early-Morning,Reply,Engagement
175, We’ll be having a Data Science talk this coming Thursday. https//t.co/HXs9KLRv5D https//t.co/bOUFWZ2F35,1,0,2020-04-29,Towards-Morning,Reply,Engagement
176,"Our facilitator _Ngige posed an interesting question. Given the benefits of remote working, would you rather work from home or get a pay rise? MoringaSchool WellnessAndProductivity https//t.co/jvZnWggQp5",5,3,2020-04-28,Early-Afternoon,Reply,Engagement
177,_dennis _co_ke  Congratulations Lenny. Thank you for learning with us and we wish you all the best in your career! 🥳 MoringaSchool,1,1,2020-04-27,Early-Afternoon,Reply,Engagement
178," Hey, sorry about that. Please try again",0,0,2020-04-23,Early-Afternoon,Reply,Engagement
179,  Thanks Stephen,0,0,2020-04-22,Mid-Morning,Reply,Engagement
180," Hi, You will still have the support of the Technical mentors but from an online platform. You are in luck because we have an 80% discount for the upcoming prep class.",0,0,2020-04-22,Early-Morning,Reply,Brand Awareness
181,"The tech community in Kenya is growing faster than ever and we're looking for people to share their experiences, opinions and other tech related stories on our  page. Would you like to participate? Register today through this form https//t.co/hQPiDAfYYy MoringaSchool https//t.co/QfgzSnKwJ1",11,4,2020-04-21,Early-Morning,Reply,Lead Generation
182, Gems in here! Thanks for sharing Alvin 💪🏾,2,0,2020-04-17,Late-Morning,Reply,Engagement
183,"Tomorrow, our Founder and CEO  will be with us online to answer any question you may have about our new remote learning model or even a day in her life. Share with us your questions here or through our DMs 😃 MoringaSchool https//t.co/UdL9tacg77",23,3,2020-04-14,Early-Morning,Reply,Brand Awareness
184," Yes, We have now shifted our classes online as a result of the ongoing COVID-19 pandemic. Please note however that this is still on a full-time basis. 8.30 am to 6.00 pm",1,0,2020-04-08,Early-Afternoon,Reply,Brand Awareness
185,Working remotely is a new experience for most of us. How’s it going for you? Here are _c’s thoughts 😀 MoringaSchool https//t.co/2IBjZXeSnb,16,3,2020-04-08,Early-Afternoon,Reply,Brand Awareness
186, Hi kindly expound,1,0,2020-04-07,Early-Afternoon,Reply,Lead Generation
187,"As a community, whenever we are faced with times of uncertainty, we usually look to our leaders to provide direction and hope. Our very own Founder &amp; CEO , shares an official message regarding our move to Distance Learning. WeShallOvercome https//t.co/NzCiZ0vszI",3,1,2020-04-01,Early-Afternoon,Reply,Brand Awareness
188," Hi Gideon, we currently only offer full-time courses; running from 8.30am-6pm (Monday to Friday)",0,0,2020-04-01,Early-Afternoon,Reply,Lead Generation
189," Hello, this is Mporinga school admissions team, how may we be of assistance?",0,0,2020-03-31,Early-Morning,Reply,Lead Generation
190," Hey Juma, this new direction will carry on unless otherwise communicated. We are trying to be as flexible as possible to ensure minimal interruption to the learning experience of students. Do check out our website and apply for the April classes and we will advise accordingly",1,0,2020-03-21,Late-Morning,Reply,Lead Generation
191," Hey Alamin, we currently only have full-time in-person classes to suit our content needs. We shall update as soon as  we avail online classes",1,0,2020-03-13,Mid-Morning,Reply,Lead Generation
192,"We're out here at  with our very own Cohort 1 alumnus Ted Muthomi, leading today's Data Science workshop. Thank you for attending! MoringaSchool https//t.co/W4ETgUdXZz",12,2,2020-03-12,Early-Afternoon,Reply,Engagement
193, Thanks for reaching out.Please let us know what program you would like to pay for and if you have already been accepted to the program.,0,0,2020-03-09,Early-Morning,Reply,Lead Generation
194, Kindly send us an email to admissions.com,0,0,2020-03-06,Mid-Morning,Reply,Lead Generation
195," Hi, for Software Development you need to have basic computer skills, be above 18 years and have completed high school. We currently have 9th March and 13th April intakes. Please visit our website to apply https//t.co/2wnmcGDrOu",1,0,2020-03-05,Early-Morning,Reply,Lead Generation
196," The course runs for 20 weeks. The first 5 weeks (prep class) cost Ksh 40,500 while the 20 weeks (core class)  cost Ksh 160,000.",1,1,2020-02-28,Early-Morning,Reply,Brand Awareness
197,"@_kengere_ Hi, kindly clarify your question",0,0,2020-02-27,Mid-Afternoon,Reply,Lead Generation
198," Hello, For frontend we teach angular and for backend we use python flask and django.",0,0,2020-02-27,Early-Afternoon,Reply,Brand Awareness
199," Hey Marco, We have Software Development and Data Science. Please find a link to our webiste for more details on the prices https//t.co/2wnmcGDrOu",0,0,2020-02-26,Mid-Afternoon,Reply,Lead Generation
200,"@_kengere_ We have 2 courses(Data science and Soft ware development) Both courses are broken into two phases. Prep and core. The prep phase costs Ksh 40,500 and the Core phase costs Ksh 140,000.",0,0,2020-02-24,Early-Morning,Reply,Brand Awareness
201," Hi, we currently have intakes for March and April. Have you made an application through our website?",0,0,2020-02-10,Early-Morning,Reply,Lead Generation
202,"_am_achola Hi Malcolm,Unfortunately we do not offer evening classes at the moment. All our Courses are offered on a full time basis.",0,0,2020-02-06,Mid-Afternoon,Reply,Brand Awareness
203," Our next intake for the software development program is on March 9th, 2020. The application form is available here https//t.co/2wnmcGDrOu",0,0,2020-02-03,Mid-Afternoon,Reply,Lead Generation
204, Our next intake for Software Development Prep is on March 9th 2020. We'll have the classes updated on our website for both and core.,0,0,2020-02-03,Early-Afternoon,Reply,Lead Generation
205, Alirght.,0,0,2020-02-03,Early-Afternoon,Reply,Engagement
206, Hey there! We have our next Software Development class on 9th of March. You can apply through this link https//t.co/2wnmcGDrOu,1,0,2020-02-03,Mid-Morning,Reply,Lead Generation
207, We got great talent!,2,0,2020-01-31,Mid-Afternoon,Reply,Brand Awareness
208, How can we be of assistance?,0,0,2020-01-31,Mid-Afternoon,Reply,Lead Generation
209," Hi Edwin,No we don't This amount is contribution towards your school fees.",0,0,2020-01-27,Mid-Morning,Reply,Brand Awareness
210,_bico Hello. Please register to attend here https//t.co/A1nv632RCm All details on the event are on this link. We trust this is helpful,0,1,2020-01-16,Mid-Morning,Reply,Engagement
211,_gr00t Thanks for reaching out to us. We will only have one Raspberry Pi for demonstration. We look forward to seeing you at the event next Thursday,0,0,2020-01-09,Early-Morning,Reply,Engagement
212, kindly provide us with your email address so that we can take this conversation forward.,0,0,2020-01-08,Late-Morning,Reply,Lead Generation
213, We received your request. Our apologies for the delayed response. Please share your email address and we'll revert with the figures.,0,0,2020-01-08,Mid-Morning,Reply,Lead Generation
214,"_  Please the Fees breakdown belowSoftware Development PrepKSh 40,500 (for a 5-week immersive program)Software Development CoreKSh 160,000 (for a 15-week immersive program)NOTE Students who go through the prep program automatically get a discount of KSh ...",0,0,2020-01-07,Mid-Morning,Reply,Brand Awareness
215,"_ Thank you for your enquiry.We have two programs at Moringa School, Data Science and Software development.The Moringa Software Development Full-time Program is broken into two phasesMoringa PrepThis is a 5-week, full-time introduction to programming cour...",0,0,2020-01-06,Mid-Afternoon,Reply,Brand Awareness
216, Thank you for your interest in our school. Our minimum requirement for all our students to be 18 years and above and to have completed high school.,0,0,2020-01-06,Mid-Afternoon,Reply,Brand Awareness
217,"Most young people assume that starting a company is an easy thing and after two or three years, you’ll already have made money. However, that’s not the case. Our founder and CEO  talks about her journey starting Moringa School. https//t.co/NYTaOhSetc MoringaSchool https//t.co/yD78sgXVE6",29,10,2019-12-27,Mid-Morning,Reply,Brand Awareness
218,"During the panel discussion ’s Merge Johannesburg Conference, Meredith Karazin, our COO, discussed the IT Skills Gap across Africa and what we are doing to close it. Also on the panel were Devina Maharaj, Head of Digital  and , Founder . https//t.co/0Pe2a32cYF",22,5,2019-12-18,Mid-Morning,Reply,Brand Awareness
219,"_kimutai We do have hiring partners, However we do not guarantee Jobs. That is dependent on the effort that you put in. We avail the platform but the rest is up to you.",0,0,2019-12-16,Early-Morning,Reply,Brand Awareness
220,"_dennis Hi Lenny, we are happy you attended the lightning talk. thank you for your feedback.",1,0,2019-12-11,Early-Morning,Reply,Engagement
221," Hi William, we offer two programs at Moringa School; Data Science and Software development. Software Development Program is broken into two phases Moringa Prep which is a 5-week, full-time introduction to programming course and Moringa Core which is a 15-week, f...",0,0,2019-12-10,Early-Morning,Reply,Brand Awareness
222,"  Hi Nicholas, Thank you for your interest in Moringa Core. Kindly write us an email through admissions.com to request for a Core direct assessment.We look forward to hearing from you.",1,0,2019-12-09,Early-Morning,Reply,Lead Generation
223, Congratulations on this milestone Everlyn!! We're happy to have you in Moringa school team,3,0,2019-12-06,Early-Morning,Reply,Brand Awareness
224,The annual Top 25 Women in Digital now in its 3rd edition has seen tremendous growth in women adopting influential leadership positions in the corporate world. We are proud to have our Kenya Country Director _ondimu mentioned as part of the list. WIT MoringaSchool https//t.co/iIAG5kcArz,14,2,2019-12-04,Early-Morning,Reply,Engagement
225,"During the APFNairobi plenary  our co-Founder &amp; CEO, explains how we're educating tomorrow's knowledge workers; using impact capital entrepreneurship young teams to collaborate with employers. With Daniel Hailu from   ,  moringaschool https//t.co/Iz9ZCOVx3k",13,5,2019-11-15,Mid-Morning,Reply,Engagement
226,What we need to give is education with deep and wide impact that builds and launches careers   APFNairobi moringaschool,16,6,2019-11-15,Early-Morning,Reply,Engagement
227,Ideas should be impactful for the youth. We need to be specific about how we address youth unemployment. -Daniel Hailu; Regional Head Eastern and Southern Africa  APFNairobi moringaschool ,12,7,2019-11-15,Early-Morning,Reply,Engagement
228,"We're honored that , our co-Founder &amp; CEO, will explain our mission to upskill Africa's Youth so they can meaningfully participate in building Africa's future through gainful employment in productive jobs, during plenary at moringaschool APFNairobi . https//t.co/Kejz1tSa9I",26,7,2019-11-14,Mid-Morning,Reply,Engagement
229,"Thank you all for participating,  wins this round; you could be next. Watch out for our next giveaway.  Enjoy the movie.",3,0,2019-11-13,Mid-Morning,Reply,Engagement
230," Congratulations Steve, you win the tickets, kuja inbox.",1,0,2019-11-13,Mid-Morning,Reply,Engagement
231,"AI has helped save time and money in recruitment processes by helping companies find the right profiles. -Stephano Mmari, Head of Tech at _com  moringaschool cellulant",21,6,2019-10-31,Late-Afternoon,Reply,Engagement
232,"Tech guys need to be problem solvers to reap the benefits of machine learning.Stephano Mmari, Head of Technology _com moringaschool cellulant",2,4,2019-10-31,Late-Afternoon,Reply,Engagement
233,"Developers need good knowledge in statistics, math, and programming to get into machine learning--Alfred Ongere; founder   moringaschool cellulant ArtificialIntelligence",13,6,2019-10-31,Late-Afternoon,Reply,Engagement
234,AI fun fact; Micron Tech (A tech company) has worked on intelligent toilets that  can scan your poop to diagnose ailments...moringaschool  machinelearning ,4,3,2019-10-31,Late-Afternoon,Reply,Engagement
235,"We're super excited to bring you the latest edition of NextGenTech in partnership with . This time we will be having an amazing set of panelists from  and ,  and . See you there! https//t.co/y9JMEBf958   MoringaSchool https//t.co/mGS7qzzTuo",21,9,2019-10-30,Early-Afternoon,Reply,Engagement
236,_gakuo  😄thank you!,0,0,2019-10-29,Evening,Reply,Engagement
237,We're super excited to have been part of the Redbull Basement University Challenge finals. The top five teams were all from Moringa School and one of them will be selected to represent Kenya in Canada. MoringaSchool RedBullBasementUniversity  https//t.co/vKt8scRRQn,65,16,2019-10-29,Mid-Afternoon,Reply,Engagement
