,tweets,likes,retweets,date,time_Period,type,content theme
0,So crazy that today marks 7 years exactly since Frank and I incorporated . I couldn’t have imagined all tha…,0,16,2021-05-28,Early-Morning,Retweet,Brand Awareness
1,_ Joining ,0,1,2021-05-12,Towards-Morning,Retweet,Engagement 
2,Absolutely enjoyed this chat with David (_africa) and Nelly ()! 🔥 EastAfricaCom https//t.co/aFOEgSZG8r,0,6,2021-05-11,Early-Afternoon,Retweet,Engagement 
3,"How is your week going?Have you had a chance to review your SMAgoals? If yes... keep measuring the progress towards success, if you are yet to start... start today!👍learnwithmoringa moringaschool https//t.co/pH700lTVnn",12,1,2021-05-11,Early-Morning,Retweet,Lead Generation
4,It was an absolute pleasure interacting with the amazing data science community alongside ____  in the first …,0,3,2021-04-19,Towards-Morning,Retweet,Engagement 
5,Woow I thank God🙏 for the good health his given me through the last Android Module in . Can't wait for Pro Dev t…,0,4,2021-04-16,Mid-Afternoon,Retweet,Brand Awareness
6,in Partnership with  has organized a webinar for software and app developers Titled Key Intellect…,0,18,2021-04-15,Early-Morning,Retweet,Engagement 
7,"So stoked to be a part of this current cohort at Moringa. Recently, especially post-pandemic, I have resolved to embrace this…",0,10,2021-03-23,Early-Afternoon,Retweet,Brand Awareness
8,"_komar Finally got Certified!!!😎😎Hey KOT  help me get a job, your retweet is highly appreciated💪💪 IkoKaziKE https//t.co/I0ImW…",0,21,2021-03-22,Towards-Morning,Retweet,Engagement 
9,"_Karma A web app that helps farmers detect diseases affecting their crops using AI 🧑‍🌾Built by Brian Sigilai, a student at …",0,2,2021-03-16,Towards-Morning,Retweet,Brand Awareness
10,It's been a year since we hosted 🌟AFRICA LAW TECH FESTIVAL 2020🌟 and we are delighted to announce that this year's festi…,0,7,2021-03-15,Early-Morning,Retweet,Engagement 
11,Don't miss an all-female panel at 22CTodaySummit talking about the future of education &amp; work at 2pm &amp; deep dive into respon…,0,2,2021-02-19,Towards-Morning,Retweet,Engagement 
12,  This is a SMAgoal. We are happy to keep you accountable for it! Which language have you chosen?,1,0,2021-02-18,Early-Morning,Retweet,Engagement 
13,Proud of Kenneth his work is top-notch quality,0,4,2021-02-05,Mid-Afternoon,Retweet,Brand Awareness
14,myNetworkCareerDay2  myNetworkCareer2021  ask me about Moringa. _is_Weird https//t.co/KpPSC6…,0,3,2021-01-23,Mid-Morning,Retweet,Engagement 
15,myNetworkCareerDay2 myNetworkCareer2021  Developing the next generation of tech leaders. https//t.co/GR7EN…,0,1,2021-01-23,Mid-Morning,Retweet,Engagement 
16,myNetworkCareer2021 Empowering the youth to succeed in the Post-Covid era. https//t.co/7yO596BY8e,0,1,2021-01-23,Early-Morning,Retweet,Engagement 
17,"__Ke Today's theme is HELP YOUTHS SUCCEED THE POST COVID ERA,All are welcome, come and get a chance to interact with higher lea…",0,11,2021-01-22,Mid-Morning,Retweet,Engagement 
18,Happening now.Join in the conversation on myNetworkCareer2021.     h…,0,7,2021-01-22,Early-Morning,Retweet,Engagement 
19,"__Ke Most people lack guidance on career choices and important life changing decisions,This then impacts their life differently…",0,16,2021-01-22,Early-Morning,Retweet,Engagement 
20,_Karma A way to find exceptional or nonconforming patterns in network traffic data compared to normal behavior 🌐Built by …,0,6,2021-01-05,Early-Morning,Retweet,Brand Awareness
21,That's a good deal ..Data Science is the most sort after course in the world bar none ..Six months at Mor…,0,8,2020-12-24,Early-Morning,Retweet,Lead Generation
22,Only a few hours left to the Africa Legal Innovation Week.Its not too late to register! 👇https//t.co/2X1SfPmRuw http…,0,5,2020-12-01,Mid-Morning,Retweet,Engagement 
23,Simplicity is key in Data_science DataScience MachineLearning dataviz data  mku  http…,0,4,2020-12-01,Early-Morning,Retweet,Engagement 
24,Join us on 02nd Dec. for our yearly conference - Build for Mobile 2020 (Virtual) with a panel featuring mobile experts…,0,3,2020-11-27,Mid-Morning,Retweet,Engagement 
25,"On Dec. 2 &amp; 3, we’ll be hosting our yearly conference - Build for Mobile 2020 (Virtual) for startups and businesses who…",0,4,2020-11-27,Mid-Morning,Retweet,Engagement 
26,"Really stoked for this, will be speaking with  community about iterating products via continue feedback from…",0,1,2020-11-13,Early-Morning,Retweet,Engagement 
27,Webinar on 'Advancing Gender Equality Opportunities in Edu-Tech' in action.    …,0,2,2020-11-13,Early-Morning,Retweet,Engagement 
28,'s Nelly Agyemang-Gyamfi notes that 'technology trends happening around the world will shape the future o…,0,2,2020-11-12,Early-Morning,Retweet,Brand Awareness
29,Tune in to our session tomorrow where we'll be covering the importance of building frictionless user on-boarding experi…,0,3,2020-11-04,Early-Afternoon,Retweet,Brand Awareness
30,Taking a hands on session for sharing some learnings on building delightful user onboarding experiences and key funnel…,0,1,2020-11-04,Early-Afternoon,Retweet,Brand Awareness
31,_blonde_noire I started my journey of programming from here and I can recommend anyone of you who wants to be a programmer to apply…,0,10,2020-10-30,Towards-Morning,Retweet,Brand Awareness
32,Is a Coding Bootcamp worth it? I wrote about my experience with  . Read why I recommend the school for an…,0,8,2020-10-28,Late-Morning,Retweet,Brand Awareness
33,Looking for a purposeful way to kick off your week? We've got you! Join this important conversation with …,0,5,2020-10-26,Early-Morning,Retweet,Engagement 
34,I concur... I did the Huawei cloud computing certification exam and failed to reach the passmark by 5 marks.…,0,1,2020-10-26,Early-Morning,Retweet,Engagement 
35,We have a wide fintech landscape here in Kenya... DataScience fintech learnwithmoringa https//t.co/cLprnRTOhC,4,1,2020-10-22,Late-Afternoon,Retweet,Engagement 
36,Agenda for the day WTMDinner ...Keynote will be Jacqueline Rajuai who is a Geo Program Manager  followed by a pan…,0,7,2020-10-16,Mid-Morning,Retweet,Engagement 
37,"_Karma An application that creates goals and describes them 🙌Built by Antony Guthiga, a student at .  CareerKar…",0,1,2020-10-15,Towards-Morning,Retweet,Engagement 
38,I always appreciate such. Thanks for listening. https//t.co/Yw88TA2ND7,0,18,2020-10-05,Early-Morning,Retweet,Engagement 
39,"Upon graduating with a B. Sc. in Telecommunication &amp; Information Communication in 2018,   was immediately select…",0,1,2020-09-02,Mid-Morning,Retweet,Brand Awareness
40,is currently working as a technical trainer for data science at . He is charged with delivering a…,0,1,2020-09-02,Mid-Morning,Retweet,Brand Awareness
41,_nyaga We have      in the house today. Such powerhouses and I cannot…,0,5,2020-08-22,Early-Morning,Retweet,Engagement 
42,"_ke Threat and risk management enables one to analyze a software system for vulnerabilities, examines potential threats associ…",0,3,2020-08-20,Late-Afternoon,Retweet,Engagement 
43,_ Happening in 5. Join _kilel for tonight's session with  https//t.co/ay5vwykYe6,0,6,2020-08-20,Mid-Afternoon,Retweet,Engagement 
44,"Five years ago DataScience was essentially unknown. Today, it’s in demand by almost every industry. Studies…",0,1,2020-08-20,Mid-Afternoon,Retweet,Engagement 
45,"When you want to finish your journey, but learning never stops. Mentorshipseries   https…",0,6,2020-08-20,Mid-Afternoon,Retweet,Engagement 
46,_motho Looking forward to this💃🏽💃🏽💃🏽 https//t.co/6hndD1r0er,0,2,2020-08-20,Late-Morning,Retweet,Engagement 
47,https//t.co/qQ0tZnp7mh,0,1,2020-08-18,Late-Morning,Retweet,Engagement 
48,Why teaching women in Rwanda how to code is crucial for the tech sector. Read more about The WeCode Programme on our blog…,0,12,2020-08-06,Early-Morning,Retweet,Engagement 
49,Nice read. I believe that the gig economy in Kenya will grow exponentially in the next three to five yea…,0,1,2020-07-29,Mid-Morning,Retweet,Engagement 
50,"Also,  data analytics can help prevent spoilage by moving products faster and more efficiently. Unmanned…",0,3,2020-07-29,Mid-Morning,Retweet,Engagement 
51,Thank you   for your determination to help newbies in this field of tech,0,1,2020-07-24,Early-Morning,Retweet,Engagement 
52,"Sure it's really the best learning experience to me, though I have never attended moringa physically I feel i…",0,1,2020-07-24,Early-Morning,Retweet,Engagement 
53,____ Tabitha is a Moringa School Alumni. She says that Moringa helped her kick start her journey in tech and build her conf…,0,2,2020-07-18,Late-Morning,Retweet,Brand Awareness
54,Our partnerships with   and  have enabled Naomi to acquire tools to employ herself…,0,3,2020-07-16,Late-Morning,Retweet,Engagement 
55,"""I have always had great desire of being creative and making something which is useful for the people that surround me…",0,6,2020-07-10,Early-Morning,Retweet,Engagement 
56,"Tomorrow from 11 am, we’ll explore the gig economy and if the freelance culture is going to redefine the Kenyan work culture as we know it. Are you an aspiring or experienced freelancer? Join us by registering through this link today. https//t.co/tEX02u3G9K MoringaSchool https//t.co/j3NPRTvvoA",12,6,2020-06-29,Late-Morning,Retweet,Engagement 
57,"_immink Great! Closing the Digital Gender Gap - Learn more about the exciting experience of ""WeCode"" in Rwanda! Teaching digital…",0,6,2020-06-27,Early-Morning,Retweet,Engagement 
58,Thank you  for this feature. I'm excited to start the course in a couple days as a beginning step to greater…,0,1,2020-06-24,Early-Morning,Retweet,Engagement 
59,____  Data Science Students joined the _Nairobi Demo day and did an amazing presentation on youtube an…,0,1,2020-06-20,Late-Morning,Retweet,Engagement 
60,. in partnership with  would like to invite you to attend a Live Webinar on Remote Work Life Effe…,0,3,2020-06-11,Early-Morning,Retweet,Engagement 
61,https//t.co/MkiutHgx7dHere you go...i still can't believe I still have it in my repo 😂,0,1,2020-06-09,Early-Morning,Retweet,Engagement 
62,Want to become a BigData analyst? Check out https//t.co/wzC1K4rAqq and join  to be part of the workforce of…,0,3,2020-05-27,Early-Afternoon,Retweet,Engagement 
63,I am so very excited to see my project in the first tenth Career Karma Projects SpotlightMay 15 2020 ! More thanks to _…,0,3,2020-05-18,Early-Morning,Retweet,Engagement 
64,tweet for  . they're offering free Azure training for every graduate https//t.co/yYc6x4joFy,0,1,2020-05-15,Late-Morning,Retweet,Engagement 
65,"Husika consortium will be having a mentorship session this weekend with the theme Meaningful work for a meaningful life,…",0,8,2020-05-15,Late-Morning,Retweet,Engagement 
66,"Leading with empathy, being honest and transparent with our teachers and students will help them to understand the diffic…",0,8,2020-05-14,Late-Afternoon,Retweet,Engagement 
67,"As we fully understand the challenges both our students and teachers face, we can improve the quality of teaching and lea…",0,5,2020-05-14,Late-Afternoon,Retweet,Engagement 
68,1. Create a structure/routine that students and teachers can be able to follow with ease. 2. Overcommunicate with care -…,0,4,2020-05-14,Late-Afternoon,Retweet,Engagement 
69,"It takes immense effort and dedication to quickly switch to remote learning abruptly. At , we are fortunate…",0,5,2020-05-14,Late-Afternoon,Retweet,Engagement 
70,"Well, here goes. I had a (virtual) sit-down with  to give my thoughts on what it takes to be a data scientist…",0,15,2020-05-14,Late-Morning,Retweet,Engagement 
71,Tomorrow I’ll be joining _Tweets &amp; other education experts in a Twitter Chat to discuss how the current switch to R…,0,5,2020-05-13,Early-Afternoon,Retweet,Engagement 
72,"_Karma New from Sharon Maswai, a student at  🚨This project analyzes COVID data and performs forecasts of confirm…",0,3,2020-05-08,Mid-Morning,Retweet,Brand Awareness
73,_alvin  Peter Muturi was my TM for Android Development class. He's simply the best.,0,1,2020-05-01,Early-Afternoon,Retweet,Brand Awareness
74,"Glad to have been part of 's Data Science webinar panel session earlier today, alongside Valentine Njoroge an…",0,3,2020-04-30,Early-Afternoon,Retweet,Engagement 
75,"As always, thank you all so much for joining us in this webinar. We've had over 100 participants and it's been so insigh…",0,1,2020-04-30,Mid-Morning,Retweet,Engagement 
76,"What a fine day for science! In collaboration with , we'll have our first Data Science talk from 11 am where w…",0,9,2020-04-30,Mid-Morning,Retweet,Engagement 
77,You are missing out on a Golden piece if you are not in this conversation.moringaschooltechiestuesdays…,0,1,2020-04-28,Early-Afternoon,Retweet,Engagement 
78,moringaschoolTechTuesday learnwithmoringaRemote working webinarTips1. Keep up social connections2. Specify tasks f…,0,4,2020-04-28,Early-Afternoon,Retweet,Engagement 
79,"_dennis _co_ke  Well,  was probably the first education institution in Kenya to hold a virtual grad…",0,1,2020-04-27,Early-Afternoon,Retweet,Engagement 
80,_Lynn Take advantage of this period by booking your slot for the data science experience with . https//t.co/Ara…,0,2,2020-04-27,Early-Afternoon,Retweet,Engagement 
81,"Tommorow will be our first talk this year on Angular as a community,I will be going through why choose Angular,what angula…",0,5,2020-04-20,Late-Night,Retweet,Engagement 
82,Happening now.      thank you for joining us. https//t.c…,0,2,2020-04-09,Mid-Afternoon,Retweet,Engagement 
83,"And the winner of the GLH2020 Nairobi Chapter, Ruby the Mediator.The team recognized that civil litigation in the coun…",0,6,2020-03-09,Towards-Morning,Retweet,Engagement 
84,"He states that its time to debunk the stereotypes around who a developer is, going further to highlight the basics of so…",0,4,2020-03-07,Mid-Afternoon,Retweet,Engagement 
85,"Up next, Andrew Anampiu from  taking us through Coding for Lawyers. Fun fact  is not a sc…",0,6,2020-03-07,Mid-Afternoon,Retweet,Brand Awareness
86,"Shout out to our GLH2020 Partners, , and  for the awesome collaborative effo…",0,8,2020-03-07,Mid-Afternoon,Retweet,Engagement 
87,_KE Share love at the  stand ! They got goodies  JKUATTechExpo10 https//t.co/ZddtbZAjlq,0,5,2020-02-27,Early-Afternoon,Retweet,Engagement 
88,"""Law is undergoing digitalisation. Technology has brought about automation of legal tasks such as document drafting, m…",0,1,2020-02-24,Early-Morning,Retweet,Engagement 
89,"For the second year running, we shall be hosting the Global Legal Hackathon in Nairobi, Kenya as part of the AfricaL…",0,8,2020-02-16,Mid-Afternoon,Retweet,Engagement 
90,"“The skills need to be in place for the digital transformation to happen” - Nelly Gyamfi, deputy country director, Morin…",0,11,2020-02-13,Early-Morning,Retweet,Brand Awareness
91,"Ended an AMAZING week in Rwanda! As much as the meetings with partners were exciting, my favorite part was spending time…",0,6,2020-02-11,Late-Morning,Retweet,Brand Awareness
92,In Rwanda 🇷🇼 with our amazing  team! Keeping the dream alive that anybody can create their future. I’m lear…,0,7,2020-02-06,Mid-Morning,Retweet,Brand Awareness
93,Going through my LinkedIn page and it seems most of my Gs got Employed.  Love to see that . All thanks to ,0,8,2020-01-28,Late-Morning,Retweet,Engagement 
94,48 amazing grads in Rwanda yesterday and a 85%+ job placement rate so far of the first cohort! Huge congrats to our team…,0,5,2019-12-05,Mid-Morning,Retweet,Engagement 
95,"Big takeaways from WISE (Qatar last week) and GES (Beijing this week) so far the world of work is changing quickly, but…",0,1,2019-11-25,Early-Morning,Retweet,Engagement 
96,"CEO of , , Daniel Hailu ,   and Margaret Kenyatta Fi…",0,8,2019-11-16,Towards-Morning,Retweet,Engagement 
97,"., we think of how the young generation is going to be equipped with the necessary skills. We need to give educa…",0,16,2019-11-15,Mid-Morning,Retweet,Engagement 
98,First plenary session Enhancing productive and sustainable jobs for youth in Africa.   …,0,5,2019-11-15,Early-Morning,Retweet,Engagement 
99,We need to develop more opportunities for youth to become Job creators and employers. APFNairobi,0,10,2019-11-15,Early-Morning,Retweet,Engagement 
100,Looking forward to speaking on a panel tomorrow with Kenya’s President and ’s regional head! Should make fo…,0,10,2019-11-14,Mid-Morning,Retweet,Brand Awareness
101,From 4 students to over 3000 graduates our 2018 fellow  's  is on a mission to transform Hi…,0,1,2019-11-13,Early-Morning,Retweet,Brand Awareness
102,yaaasss!!!! https//t.co/4IG9MyP9KC,0,3,2019-11-08,Early-Morning,Retweet,Brand Awareness
103,5 EdTech ventures changing education across Africa https//t.co/PhyHi5GVZD  BeBlocky   …,0,5,2019-11-08,Early-Morning,Retweet,Engagement 
104,5 EdTech ventures changing education in Africa      AppsAfrica h…,0,3,2019-11-08,Early-Morning,Retweet,Engagement 
105,_digital Speaking at APFNairobi is a multi-disciplinary coding school committed to closing the skills gap in Africa…,0,6,2019-11-05,Late-Morning,Retweet,Engagement 
106,It is as it quotes  💪WomenWhoCode WomenInSTEM femtech https//t.co/EGF702RjNO,0,9,2019-11-05,Early-Morning,Retweet,Engagement 
107,Kenya’s Moringa School raises funding round for regional expansion https//t.co/ewqp0GOW5p ,0,5,2019-10-30,Early-Morning,Retweet,Engagement 
